region_number,success_count,best_episode_reward,mastered,active
1,18,3148.148438,1,0
2,40,3383.852539,1,0
3,8,3391.473877,1,0
4,6,3186.023926,1,0
5,33,3468.383545,1,0
6,40,1715.004761,1,0
7,6,4906.007324,1,0
8,10,4809.619141,1,0
9,830,6729.692383,1,1
